Date,ASHR40 SJ EQUITY_price
10/15/2008,1881
10/16/2008,1825
10/17/2008,1819
10/20/2008,1882
10/21/2008,1940
10/22/2008,1856
10/23/2008,1778
10/24/2008,1679
10/27/2008,1656
10/28/2008,1706
10/29/2008,1788
10/30/2008,1891
10/31/2008,1902
11/3/2008,1924
11/4/2008,1965
11/5/2008,1919
11/6/2008,1850
11/7/2008,1800
11/10/2008,1915
11/11/2008,1839
11/12/2008,1793
11/13/2008,1745
11/14/2008,1734
11/17/2008,1691
11/18/2008,1660
11/19/2008,1697
11/20/2008,1596
11/21/2008,1653
11/24/2008,1703
11/25/2008,1839
11/26/2008,1860
11/27/2008,1948
11/28/2008,1948
12/1/2008,1860
12/2/2008,1790
12/3/2008,1744
12/4/2008,1786
12/5/2008,1755
12/8/2008,1885
12/9/2008,1915
12/10/2008,2001
12/11/2008,1995
12/12/2008,1955
12/15/2008,2005
12/17/2008,2055
12/18/2008,2020
12/19/2008,1922
12/22/2008,1909
12/23/2008,1925
12/24/2008,1905
12/29/2008,1922
12/30/2008,1930
12/31/2008,1952
1/2/2009,1952
1/5/2009,2036
1/6/2009,2100
1/7/2009,2067
1/8/2009,2021
1/9/2009,2020
1/12/2009,2007
1/13/2009,1945
1/14/2009,1880
1/15/2009,1836
1/16/2009,1901
1/19/2009,1860
1/20/2009,1835
1/21/2009,1793
1/22/2009,1772
1/23/2009,1756
1/26/2009,1810
1/27/2009,1862
1/28/2009,1905
1/29/2009,1859
1/30/2009,1865
2/2/2009,1789
2/3/2009,1800
2/4/2009,1861
2/5/2009,1852
2/6/2009,1930
2/9/2009,1959
2/10/2009,1942
2/11/2009,1909
2/12/2009,1860
2/13/2009,1852
2/16/2009,1840
2/17/2009,1802
2/18/2009,1802
2/19/2009,1812
2/20/2009,1746
2/23/2009,1748
2/24/2009,1691
2/25/2009,1696
2/26/2009,1707
2/27/2009,1640
3/2/2009,1660
3/3/2009,1634
3/4/2009,1676
3/5/2009,1660
3/6/2009,1695
3/9/2009,1650
3/10/2009,1690
3/11/2009,1740
3/12/2009,1760
3/13/2009,1805
3/16/2009,1812
3/17/2009,1770
3/18/2009,1759
3/19/2009,1864
3/20/2009,1870
3/23/2009,1956
3/24/2009,1926
3/25/2009,1944
3/26/2009,1930
3/27/2009,1889
3/30/2009,1812
3/31/2009,1860
4/1/2009,1889
4/2/2009,1865
4/3/2009,1928
4/6/2009,1870
4/7/2009,1854
4/8/2009,1846
4/9/2009,1907
4/14/2009,1943
4/15/2009,1933
4/16/2009,1894
4/17/2009,1885
4/20/2009,1805
4/21/2009,1780
4/23/2009,1830
4/24/2009,1868
4/28/2009,1822
4/29/2009,1840
4/30/2009,1856
5/4/2009,1925
5/5/2009,1921
5/6/2009,1970
5/7/2009,1945
5/8/2009,1970
5/11/2009,1960
5/12/2009,1965
5/13/2009,1923
5/14/2009,1933
5/15/2009,1964
5/18/2009,1992
5/19/2009,2031
5/20/2009,2058
5/21/2009,1996
5/22/2009,2030
5/25/2009,2040
5/26/2009,1950
5/27/2009,2035
5/28/2009,2013
5/29/2009,2068
6/1/2009,2125
6/2/2009,2146
6/3/2009,2093
6/4/2009,2060
6/5/2009,2098
6/8/2009,2060
6/9/2009,2084
6/10/2009,2110
6/11/2009,2085
6/12/2009,2072
6/15/2009,2040
6/17/2009,1984
6/18/2009,1997
6/19/2009,2030
6/22/2009,1981
6/23/2009,1969
6/24/2009,2023
6/25/2009,2014
6/26/2009,2014
6/29/2009,2010
6/30/2009,1975
7/1/2009,2045
7/2/2009,1995
7/3/2009,1997
7/6/2009,1946
7/7/2009,1964
7/8/2009,2085
7/9/2009,1992
7/10/2009,2007
7/13/2009,2023
7/14/2009,2070
7/15/2009,2130
7/16/2009,2118
7/17/2009,2127
7/20/2009,2136
7/21/2009,2155
7/22/2009,2128
7/23/2009,2155
7/24/2009,2160
7/27/2009,2155
7/28/2009,2141
7/29/2009,2126
7/30/2009,2171
7/31/2009,2183
8/3/2009,2238
8/4/2009,2250
8/5/2009,2248
8/6/2009,2262
8/7/2009,2262
8/11/2009,2230
8/12/2009,2222
8/13/2009,2264
8/14/2009,2241
8/17/2009,2175
8/18/2009,2192
8/19/2009,2187
8/20/2009,2224
8/21/2009,2248
8/24/2009,2285
8/25/2009,2280
8/26/2009,2271
8/27/2009,2258
8/28/2009,2278
8/31/2009,2249
9/1/2009,2238
9/2/2009,2216
9/3/2009,2223
9/4/2009,2233
9/7/2009,2260
9/8/2009,2283
9/9/2009,2270
9/10/2009,2290
9/11/2009,2312
9/14/2009,2279
9/15/2009,2281
9/16/2009,2320
9/17/2009,2350
9/18/2009,2333
9/21/2009,2292
9/22/2009,2302
9/23/2009,2292
9/25/2009,2247
9/28/2009,2237
9/29/2009,2223
9/30/2009,2232
10/1/2009,2234
10/2/2009,2190
10/5/2009,2205
10/6/2009,2239
10/7/2009,2271
10/8/2009,2286
10/9/2009,2271
10/12/2009,2300
10/13/2009,2300
10/14/2009,2337
10/15/2009,2342
10/16/2009,2340
10/19/2009,2380
10/20/2009,2384
10/21/2009,2399
10/22/2009,2397
10/23/2009,2419
10/26/2009,2419
10/27/2009,2380
10/28/2009,2340
10/29/2009,2385
10/30/2009,2365
11/2/2009,2343
11/3/2009,2307
11/4/2009,2340
11/5/2009,2334
11/6/2009,2332
11/9/2009,2369
11/10/2009,2380
11/11/2009,2405
11/12/2009,2402
11/13/2009,2410
11/16/2009,2450
11/17/2009,2468
11/18/2009,2460
11/19/2009,2435
11/20/2009,2436
11/23/2009,2482
11/24/2009,2475
11/25/2009,2490
11/26/2009,2450
11/27/2009,2423
11/30/2009,2435
12/1/2009,2470
12/2/2009,2491
12/3/2009,2482
12/4/2009,2487
12/7/2009,2466
12/8/2009,2435
12/9/2009,2423
12/10/2009,2437
12/11/2009,2455
12/14/2009,2470
12/15/2009,2455
12/17/2009,2460
12/18/2009,2478
12/21/2009,2499
12/22/2009,2507
12/23/2009,2507
12/24/2009,2497
12/28/2009,2527
12/29/2009,2502
12/30/2009,2482
12/31/2009,2497
1/4/2010,2525
1/5/2010,2534
1/6/2010,2541
1/7/2010,2536
1/8/2010,2558
1/11/2010,2568
1/12/2010,2538
1/13/2010,2546
1/14/2010,2551
1/15/2010,2528
1/18/2010,2547
1/19/2010,2538
1/20/2010,2527
1/21/2010,2485
1/22/2010,2444
1/25/2010,2442
1/26/2010,2406
1/27/2010,2421
1/28/2010,2415
1/29/2010,2397
2/1/2010,2387
2/2/2010,2417
2/3/2010,2422
2/4/2010,2360
2/5/2010,2310
2/8/2010,2336
2/9/2010,2377
2/10/2010,2366
2/11/2010,2360
2/12/2010,2354
2/15/2010,2398
2/16/2010,2422
2/17/2010,2444
2/18/2010,2452
2/19/2010,2435
2/22/2010,2457
2/23/2010,2432
2/24/2010,2419
2/25/2010,2397
2/26/2010,2401
3/1/2010,2428
3/2/2010,2455
3/3/2010,2485
3/4/2010,2493
3/5/2010,2508
3/8/2010,2530
3/9/2010,2507
3/10/2010,2525
3/11/2010,2507
3/12/2010,2540
3/15/2010,2522
3/16/2010,2540
3/17/2010,2565
3/18/2010,2595
3/19/2010,2575
3/23/2010,2564
3/24/2010,2559
3/25/2010,2571
3/26/2010,2565
3/29/2010,2573
3/30/2010,2581
3/31/2010,2581
4/1/2010,2614
4/6/2010,2637
4/7/2010,2631
4/8/2010,2607
4/9/2010,2637
4/12/2010,2625
4/13/2010,2597
4/14/2010,2652
4/15/2010,2655
4/16/2010,2608
4/19/2010,2580
4/20/2010,2608
4/21/2010,2599
4/22/2010,2580
4/23/2010,2597
4/26/2010,2638
4/28/2010,2560
4/29/2010,2578
4/30/2010,2567
5/3/2010,2562
5/4/2010,2495
5/5/2010,2467
5/6/2010,2457
5/7/2010,2369
5/10/2010,2475
5/11/2010,2465
5/12/2010,2522
5/13/2010,2512
5/14/2010,2443
5/17/2010,2441
5/18/2010,2463
5/19/2010,2424
5/20/2010,2345
5/21/2010,2342
5/24/2010,2395
5/25/2010,2335
5/26/2010,2422
5/27/2010,2456
5/28/2010,2425
5/31/2010,2420
6/1/2010,2444
6/2/2010,2430
6/3/2010,2425
6/4/2010,2366
6/7/2010,2335
6/8/2010,2320
6/9/2010,2380
6/10/2010,2420
6/11/2010,2400
6/14/2010,2458
6/15/2010,2483
6/17/2010,2485
6/18/2010,2480
6/21/2010,2515
6/22/2010,2500
6/23/2010,2468
6/24/2010,2447
6/25/2010,2437
6/28/2010,2431
6/29/2010,2370
6/30/2010,2330
7/1/2010,2307
7/2/2010,2334
7/5/2010,2321
7/6/2010,2377
7/7/2010,2388
7/8/2010,2406
7/9/2010,2426
7/12/2010,2419
7/13/2010,2450
7/14/2010,2443
7/15/2010,2441
7/16/2010,2447
7/19/2010,2430
7/20/2010,2427
7/21/2010,2476
7/22/2010,2520
7/23/2010,2534
7/26/2010,2530
7/27/2010,2531
7/28/2010,2525
7/29/2010,2535
7/30/2010,2523
8/2/2010,2580
8/3/2010,2555
8/4/2010,2547
8/5/2010,2547
8/6/2010,2522
8/10/2010,2486
8/11/2010,2442
8/12/2010,2440
8/13/2010,2445
8/16/2010,2456
8/17/2010,2465
8/18/2010,2427
8/19/2010,2412
8/20/2010,2400
8/23/2010,2438
8/24/2010,2403
8/25/2010,2347
8/26/2010,2393
8/27/2010,2373
8/30/2010,2414
8/31/2010,2420
9/1/2010,2488
9/2/2010,2480
9/3/2010,2490
9/6/2010,2501
9/7/2010,2471
9/8/2010,2497
9/9/2010,2502
9/10/2010,2512
9/13/2010,2557
9/14/2010,2558
9/15/2010,2560
9/16/2010,2556
9/17/2010,2548
9/20/2010,2578
9/21/2010,2580
9/22/2010,2578
9/23/2010,2576
9/27/2010,2575
9/28/2010,2575
9/29/2010,2581
9/30/2010,2615
10/1/2010,2598
10/4/2010,2601
10/5/2010,2630
10/6/2010,2644
10/7/2010,2627
10/8/2010,2639
10/11/2010,2654
10/12/2010,2657
10/13/2010,2704
10/14/2010,2702
10/15/2010,2682
10/18/2010,2691
10/19/2010,2671
10/20/2010,2679
10/21/2010,2714
10/22/2010,2681
10/25/2010,2697
10/26/2010,2684
10/27/2010,2665
10/28/2010,2689
10/29/2010,2711
11/1/2010,2728
11/2/2010,2725
11/3/2010,2743
11/4/2010,2790
11/5/2010,2808
11/8/2010,2801
11/9/2010,2826
11/10/2010,2810
11/11/2010,2816
11/12/2010,2829
11/15/2010,2841
11/16/2010,2804
11/17/2010,2795
11/18/2010,2818
11/19/2010,2798
11/22/2010,2799
11/23/2010,2749
11/24/2010,2772
11/25/2010,2788
11/26/2010,2778
11/29/2010,2734
11/30/2010,2690
12/1/2010,2742
12/2/2010,2775
12/3/2010,2799
12/6/2010,2826
12/7/2010,2840
12/8/2010,2840
12/9/2010,2824
12/10/2010,2812
12/13/2010,2820
12/14/2010,2830
12/15/2010,2835
12/17/2010,2831
12/20/2010,2831
12/21/2010,2864
12/22/2010,2861
12/23/2010,2867
12/24/2010,2854
12/28/2010,2855
12/29/2010,2866
12/30/2010,2875
12/31/2010,2862
1/3/2011,2883
1/4/2011,2893
1/5/2011,2850
1/6/2011,2858
1/7/2011,2839
1/10/2011,2822
1/11/2011,2870
1/12/2011,2904
1/13/2011,2918
1/14/2011,2922
1/17/2011,2892
1/18/2011,2922
1/19/2011,2904
1/20/2011,2853
1/21/2011,2883
1/24/2011,2857
1/25/2011,2835
1/26/2011,2868
1/27/2011,2884
1/28/2011,2826
1/31/2011,2813
2/1/2011,2861
2/2/2011,2925
2/3/2011,2960
2/4/2011,2972
2/7/2011,2962
2/8/2011,2961
2/9/2011,2950
2/10/2011,2922
2/11/2011,2981
2/14/2011,2992
2/15/2011,2987
2/16/2011,2958
2/17/2011,2949
2/18/2011,2929
2/21/2011,2956
2/22/2011,2922
2/23/2011,2874
2/24/2011,2857
2/25/2011,2880
2/28/2011,2905
3/1/2011,2885
3/2/2011,2880
3/3/2011,2919
3/4/2011,2917
3/7/2011,2923
3/8/2011,2877
3/9/2011,2875
3/10/2011,2783
3/11/2011,2814
3/14/2011,2787
3/15/2011,2726
3/16/2011,2766
3/17/2011,2776
3/18/2011,2772
3/22/2011,2790
3/23/2011,2824
3/24/2011,2867
3/25/2011,2859
3/28/2011,2830
3/29/2011,2863
3/30/2011,2918
3/31/2011,2906
4/1/2011,2918
4/4/2011,2931
4/5/2011,2950
4/6/2011,2970
4/7/2011,2947
4/8/2011,2963
4/11/2011,2969
4/12/2011,2912
4/13/2011,2924
4/14/2011,2930
4/15/2011,2910
4/18/2011,2827
4/19/2011,2873
4/20/2011,2946
4/21/2011,2958
4/26/2011,2957
4/28/2011,2952
4/29/2011,2968
5/3/2011,2916
5/4/2011,2870
5/5/2011,2843
5/6/2011,2875
5/9/2011,2848
5/10/2011,2897
5/11/2011,2892
5/12/2011,2856
5/13/2011,2883
5/16/2011,2905
5/17/2011,2871
5/19/2011,2879
5/20/2011,2866
5/23/2011,2825
5/24/2011,2859
5/25/2011,2865
5/26/2011,2885
5/27/2011,2923
5/30/2011,2924
5/31/2011,2940
6/1/2011,2915
6/2/2011,2870
6/3/2011,2837
6/6/2011,2840
6/7/2011,2861
6/8/2011,2831
6/9/2011,2847
6/10/2011,2794
6/13/2011,2790
6/14/2011,2803
6/15/2011,2780
6/17/2011,2746
6/20/2011,2744
6/21/2011,2779
6/22/2011,2760
6/23/2011,2716
6/24/2011,2753
6/27/2011,2762
6/28/2011,2801
6/29/2011,2844
6/30/2011,2853
7/1/2011,2858
7/4/2011,2873
7/5/2011,2890
7/6/2011,2877
7/7/2011,2894
7/8/2011,2862
7/11/2011,2849
7/12/2011,2857
7/13/2011,2896
7/14/2011,2885
7/15/2011,2892
7/18/2011,2854
7/19/2011,2870
7/20/2011,2871
7/21/2011,2877
7/22/2011,2867
7/25/2011,2871
7/26/2011,2852
7/27/2011,2824
7/28/2011,2810
7/29/2011,2786
8/1/2011,2795
8/2/2011,2756
8/3/2011,2724
8/4/2011,2632
8/5/2011,2604
8/8/2011,2523
8/10/2011,2548
8/11/2011,2635
8/12/2011,2666
8/15/2011,2703
8/16/2011,2682
8/17/2011,2702
8/18/2011,2611
8/19/2011,2618
8/22/2011,2628
8/23/2011,2611
8/24/2011,2647
8/25/2011,2620
8/26/2011,2629
8/29/2011,2715
8/30/2011,2719
8/31/2011,2777
9/1/2011,2785
9/2/2011,2727
9/5/2011,2674
9/6/2011,2636
9/7/2011,2740
9/8/2011,2779
9/9/2011,2730
9/12/2011,2680
9/13/2011,2701
9/14/2011,2742
9/15/2011,2796
9/16/2011,2800
9/19/2011,2794
9/20/2011,2833
9/21/2011,2829
9/22/2011,2733
9/23/2011,2713
9/26/2011,2646
9/27/2011,2750
9/28/2011,2705
9/29/2011,2641
9/30/2011,2634
10/3/2011,2662
10/4/2011,2591
10/5/2011,2624
10/6/2011,2667
10/7/2011,2700
10/10/2011,2776
10/11/2011,2763
10/12/2011,2792
10/13/2011,2762
10/14/2011,2791
10/17/2011,2788
10/18/2011,2783
10/19/2011,2798
10/20/2011,2764
10/21/2011,2824
10/24/2011,2845
10/25/2011,2843
10/26/2011,2852
10/27/2011,2922
10/28/2011,2965
10/31/2011,2909
11/1/2011,2845
11/2/2011,2891
11/3/2011,2893
11/4/2011,2864
11/7/2011,2924
11/8/2011,2938
11/9/2011,2875
11/10/2011,2892
11/11/2011,2893
11/14/2011,2906
11/15/2011,2938
11/16/2011,2938
11/17/2011,2914
11/18/2011,2851
11/21/2011,2782
11/22/2011,2808
11/23/2011,2769
11/24/2011,2792
11/25/2011,2785
11/28/2011,2851
11/29/2011,2835
11/30/2011,2953
12/1/2011,2947
12/2/2011,2931
12/5/2011,2951
12/6/2011,2940
12/7/2011,2942
12/8/2011,2939
12/9/2011,2929
12/12/2011,2888
12/13/2011,2883
12/14/2011,2836
12/15/2011,2860
12/19/2011,2827
12/20/2011,2834
12/21/2011,2818
12/22/2011,2830
12/23/2011,2864
12/28/2011,2859
12/29/2011,2849
12/30/2011,2847
1/3/2012,2928
1/4/2012,2937
1/5/2012,2906
1/6/2012,2922
1/9/2012,2925
1/10/2012,2949
1/11/2012,2928
1/12/2012,2945
1/13/2012,2935
1/16/2012,2966
1/17/2012,2986
1/18/2012,2998
1/19/2012,3002
1/20/2012,3013
1/23/2012,3038
1/24/2012,3018
1/25/2012,3008
1/26/2012,3051
1/27/2012,3033
1/30/2012,3007
1/31/2012,3018
2/1/2012,3052
2/2/2012,3073
2/3/2012,3072
2/6/2012,3051
2/7/2012,3030
2/8/2012,3057
2/9/2012,3060
2/10/2012,3022
2/13/2012,3053
2/14/2012,3045
2/15/2012,3039
2/16/2012,3012
2/17/2012,3037
2/20/2012,3040
2/21/2012,3044
2/22/2012,3030
2/23/2012,3040
2/24/2012,3057
2/27/2012,3022
2/28/2012,3055
2/29/2012,3061
3/1/2012,3060
3/2/2012,3047
3/5/2012,3035
3/6/2012,2972
3/7/2012,2993
3/8/2012,3007
3/9/2012,3021
3/12/2012,3019
3/13/2012,3044
3/14/2012,3066
3/15/2012,3047
3/16/2012,3054
3/19/2012,3055
3/20/2012,3017
3/22/2012,2985
3/23/2012,2987
3/26/2012,2986
3/27/2012,3001
3/28/2012,2978
3/29/2012,2963
3/30/2012,2967
4/2/2012,3007
4/3/2012,3028
4/4/2012,2949
4/5/2012,2986
4/10/2012,2974
4/11/2012,2978
4/12/2012,2990
4/13/2012,2982
4/16/2012,2982
4/17/2012,2991
4/18/2012,3018
4/19/2012,3023
4/20/2012,3035
4/23/2012,2984
4/24/2012,2999
4/25/2012,3018
4/26/2012,3041
4/30/2012,3053
5/2/2012,3060
5/3/2012,3051
5/4/2012,3022
5/7/2012,3006
5/8/2012,2967
5/9/2012,2960
5/10/2012,3006
5/11/2012,3023
5/14/2012,2974
5/15/2012,2971
5/16/2012,3000
5/17/2012,2977
5/18/2012,2937
5/21/2012,2931
5/22/2012,2970
5/23/2012,2913
5/24/2012,2929
5/25/2012,2926
5/28/2012,2935
5/29/2012,2971
5/30/2012,2924
5/31/2012,2937
6/1/2012,2934
6/4/2012,2931
6/5/2012,2935
6/6/2012,2985
6/7/2012,3011
6/8/2012,2987
6/11/2012,2983
6/12/2012,3005
6/13/2012,3021
6/14/2012,3001
6/15/2012,3014
6/18/2012,3064
6/19/2012,3089
6/20/2012,3094
6/21/2012,3069
6/22/2012,3021
6/25/2012,2978
6/26/2012,2981
6/27/2012,2969
6/28/2012,2922
6/29/2012,2965
7/2/2012,2958
7/3/2012,2987
7/4/2012,2989.5
7/5/2012,3008.5
7/6/2012,3007
7/9/2012,2979
7/10/2012,2986
7/11/2012,2958
7/12/2012,2927
7/13/2012,2968
7/16/2012,2960
7/17/2012,2956
7/18/2012,2993
7/19/2012,3018
7/20/2012,3008
7/23/2012,2970
7/24/2012,2988
7/25/2012,2992
7/26/2012,3018
7/27/2012,3052
7/30/2012,3079
7/31/2012,3040
8/1/2012,3088
8/2/2012,3084
8/3/2012,3104
8/6/2012,3125
8/7/2012,3129
8/8/2012,3131
8/10/2012,3140
8/13/2012,3130
8/14/2012,3145
8/15/2012,3144
8/16/2012,3166
8/17/2012,3149
8/20/2012,3141
8/21/2012,3175
8/22/2012,3153
8/23/2012,3173
8/24/2012,3169
8/27/2012,3182
8/28/2012,3168
8/29/2012,3165
8/30/2012,3124
8/31/2012,3133
9/3/2012,3149
9/4/2012,3114
9/5/2012,3107
9/6/2012,3168
9/7/2012,3179
9/10/2012,3168
9/11/2012,3159
9/12/2012,3188
9/13/2012,3198
9/14/2012,3265
9/17/2012,3248
9/18/2012,3252
9/19/2012,3254
9/20/2012,3243
9/21/2012,3230
9/25/2012,3213
9/26/2012,3153
9/27/2012,3176
9/28/2012,3189
10/1/2012,3210
10/2/2012,3204
10/3/2012,3150
10/4/2012,3201
10/5/2012,3237
10/8/2012,3173.5
10/9/2012,3203
10/10/2012,3210
10/11/2012,3245
10/12/2012,3236
10/15/2012,3255
10/16/2012,3285
10/17/2012,3313
10/18/2012,3291
10/19/2012,3270
10/22/2012,3289
10/23/2012,3259
10/24/2012,3287
10/25/2012,3291
10/26/2012,3282
10/29/2012,3299
10/30/2012,3310
10/31/2012,3311
11/1/2012,3334
11/2/2012,3361
11/5/2012,3352
11/6/2012,3354
11/7/2012,3339
11/8/2012,3351
11/9/2012,3322
11/12/2012,3335
11/13/2012,3328
11/14/2012,3313
11/15/2012,3294
11/16/2012,3272
11/19/2012,3313
11/20/2012,3320
11/21/2012,3337
11/22/2012,3372
11/23/2012,3374
11/26/2012,3363
11/27/2012,3369
11/28/2012,3333
11/29/2012,3378
11/30/2012,3397
12/3/2012,3392
12/4/2012,3384
12/5/2012,3404
12/6/2012,3412
12/7/2012,3402
12/10/2012,3421
12/11/2012,3437
12/12/2012,3455
12/13/2012,3442
12/14/2012,3441
12/18/2012,3460
12/19/2012,3485
12/20/2012,3480
12/21/2012,3474
12/24/2012,3478
12/27/2012,3500
12/28/2012,3495
12/31/2012,3482
1/2/2013,3565
1/3/2013,3580
1/4/2013,3582
1/7/2013,3566
1/8/2013,3566
1/9/2013,3582
1/10/2013,3584
1/11/2013,3581
1/14/2013,3570
1/15/2013,3552
1/16/2013,3550
1/17/2013,3557
1/18/2013,3574
1/21/2013,3558
1/22/2013,3551
1/23/2013,3575
1/24/2013,3617
1/25/2013,3607
1/28/2013,3618
1/29/2013,3625
1/30/2013,3610
1/31/2013,3611
2/1/2013,3623
2/4/2013,3622
2/5/2013,3630
2/6/2013,3616
2/7/2013,3628
2/8/2013,3648
2/11/2013,3643
2/12/2013,3629
2/13/2013,3640
2/14/2013,3629
2/15/2013,3626
2/18/2013,3610
2/19/2013,3634
2/20/2013,3603
2/21/2013,3530
2/22/2013,3526
2/25/2013,3537
2/26/2013,3515.5
2/27/2013,3486
2/28/2013,3527
3/1/2013,3566
3/4/2013,3547
3/5/2013,3616
3/6/2013,3602
3/7/2013,3629
3/8/2013,3627
3/11/2013,3652
3/12/2013,3652
3/13/2013,3647
3/14/2013,3651
3/15/2013,3643
3/18/2013,3615
3/19/2013,3602
3/20/2013,3598
3/22/2013,3579
3/25/2013,3571
3/26/2013,3593
3/27/2013,3561
3/28/2013,3530
4/2/2013,3547
4/3/2013,3487
4/4/2013,3455
4/5/2013,3400
4/8/2013,3409
4/9/2013,3401
4/10/2013,3454
4/11/2013,3454
4/12/2013,3410
4/15/2013,3359
4/16/2013,3401
4/17/2013,3335
4/18/2013,3349
4/19/2013,3399
4/22/2013,3376
4/23/2013,3431
4/24/2013,3436
4/25/2013,3469
4/26/2013,3460
4/29/2013,3457
4/30/2013,3424
5/2/2013,3460
5/3/2013,3518
5/6/2013,3537
5/7/2013,3542
5/8/2013,3597
5/9/2013,3586
5/10/2013,3579
5/13/2013,3592
5/14/2013,3625
5/15/2013,3650
5/16/2013,3700
5/17/2013,3695
5/20/2013,3675
5/21/2013,3748
5/22/2013,3750
5/23/2013,3650
5/24/2013,3661
5/27/2013,3709
5/28/2013,3766
5/29/2013,3695
5/30/2013,3767
5/31/2013,3779
6/3/2013,3680
6/4/2013,3657
6/5/2013,3647
6/6/2013,3607
6/7/2013,3651
6/10/2013,3669
6/11/2013,3544
6/12/2013,3561
6/13/2013,3565
6/14/2013,3612
6/18/2013,3681
6/19/2013,3659
6/20/2013,3540
6/21/2013,3488
6/24/2013,3383
6/25/2013,3420
6/26/2013,3458
6/27/2013,3466
6/28/2013,3500
7/1/2013,3536
7/2/2013,3526
7/3/2013,3483
7/4/2013,3552
7/5/2013,3469
7/8/2013,3537
7/9/2013,3531
7/10/2013,3515
7/11/2013,3608
7/12/2013,3624
7/15/2013,3620
7/16/2013,3585
7/17/2013,3643
7/18/2013,3659
7/19/2013,3603
7/22/2013,3639
7/23/2013,3666
7/24/2013,3638
7/25/2013,3625
7/26/2013,3603
7/29/2013,3636
7/30/2013,3652
7/31/2013,3683
8/1/2013,3738
8/2/2013,3722
8/5/2013,3735
8/6/2013,3713
8/7/2013,3717
8/8/2013,3731
8/12/2013,3807
8/13/2013,3830
8/14/2013,3868
8/15/2013,3820
8/16/2013,3874
8/19/2013,3860
8/20/2013,3849
8/21/2013,3851
8/22/2013,3879
8/23/2013,3875
8/26/2013,3902
8/27/2013,3883
8/28/2013,3811
8/29/2013,3823
8/30/2013,3797
9/2/2013,3864
9/3/2013,3884
9/4/2013,3844
9/5/2013,3868
9/6/2013,3870
9/9/2013,3864
9/10/2013,3943
9/11/2013,3928
9/12/2013,3956
9/13/2013,3942
9/16/2013,3949
9/17/2013,3959
9/18/2013,3926
9/19/2013,4012
9/20/2013,4001
9/23/2013,3988
9/25/2013,4027
9/26/2013,4022
9/27/2013,4021
9/30/2013,3948
10/1/2013,3940
10/2/2013,3939
10/3/2013,3940
10/4/2013,3932
10/7/2013,3916
10/8/2013,3870
10/9/2013,3821
10/10/2013,3872
10/11/2013,3902
10/14/2013,3914
10/15/2013,3972
10/16/2013,3979
10/17/2013,3990
10/18/2013,4001
10/21/2013,4021
10/22/2013,4066
10/23/2013,4036
10/24/2013,4036
10/25/2013,4044
10/28/2013,4067
10/29/2013,4071
10/30/2013,4085
10/31/2013,4082
11/1/2013,4085
11/4/2013,4097
11/5/2013,4104
11/6/2013,4148
11/7/2013,4135
11/8/2013,4080
11/11/2013,4088
11/12/2013,4083
11/13/2013,4004
11/14/2013,4028
11/15/2013,4051
11/18/2013,4072
11/19/2013,4045
11/20/2013,4055
11/21/2013,4006
11/22/2013,3974
11/25/2013,3991
11/26/2013,3935
11/27/2013,3991
11/28/2013,4042
11/29/2013,4030
12/2/2013,4004
12/3/2013,3934
12/4/2013,3944
12/5/2013,3977
12/6/2013,4009
12/9/2013,4019
12/10/2013,4010
12/11/2013,3993
12/12/2013,3874
12/13/2013,3873
12/17/2013,3931
12/18/2013,3936
12/19/2013,3978
12/20/2013,4000
12/23/2013,4016
12/24/2013,4033
12/27/2013,4114
12/30/2013,4151
12/31/2013,4163
1/2/2014,4195
1/3/2014,4157
1/6/2014,4119
1/7/2014,4115
1/8/2014,4098
1/9/2014,4074
1/10/2014,4085
1/13/2014,4129
1/14/2014,4122
1/15/2014,4168
1/16/2014,4196
1/17/2014,4199
1/20/2014,4226
1/21/2014,4221
1/22/2014,4228
1/23/2014,4233
1/24/2014,4176
1/27/2014,4110
1/28/2014,4110
1/29/2014,4099
1/30/2014,4071
1/31/2014,4060
2/3/2014,4046
2/4/2014,3996
2/5/2014,3997
2/6/2014,4050
2/7/2014,4081
2/10/2014,4133
2/11/2014,4131
2/12/2014,4186
2/13/2014,4174
2/14/2014,4211
2/17/2014,4249
2/18/2014,4259
2/19/2014,4292
2/20/2014,4265
2/21/2014,4297
2/24/2014,4289
2/25/2014,4253
2/26/2014,4255
2/27/2014,4255
2/28/2014,4278
3/3/2014,4271
3/4/2014,4319
3/5/2014,4308
3/6/2014,4336
3/7/2014,4334
3/10/2014,4293
3/11/2014,4324
3/12/2014,4280
3/13/2014,4241
3/14/2014,4202
3/17/2014,4243
3/18/2014,4265
3/19/2014,4230
3/20/2014,4200
3/24/2014,4262
3/25/2014,4312
3/26/2014,4333
3/27/2014,4306
3/28/2014,4356
3/31/2014,4339
4/1/2014,4344
4/2/2014,4376
4/3/2014,4354
4/4/2014,4365
4/7/2014,4324
4/8/2014,4345
4/9/2014,4365
4/10/2014,4382
4/11/2014,4333
4/14/2014,4349
4/15/2014,4312
4/16/2014,4345
4/17/2014,4371
4/22/2014,4398
4/23/2014,4392
4/24/2014,4415
4/25/2014,4412
4/29/2014,4415
4/30/2014,4408
5/2/2014,4429
5/5/2014,4404
5/6/2014,4412
5/8/2014,4416
5/9/2014,4401
5/12/2014,4440
5/13/2014,4435
5/14/2014,4479
5/15/2014,4466
5/16/2014,4436
5/19/2014,4468
5/20/2014,4482
5/21/2014,4489
5/22/2014,4510
5/23/2014,4516
5/26/2014,4526
5/27/2014,4514
5/28/2014,4502
5/29/2014,4500
5/30/2014,4489
6/2/2014,4514
6/3/2014,4524
6/4/2014,4525
6/5/2014,4528
6/6/2014,4520
6/9/2014,4541
6/10/2014,4604
6/11/2014,4583
6/12/2014,4585
6/13/2014,4607
6/17/2014,4616
6/18/2014,4598
6/19/2014,4653
6/20/2014,4661
6/23/2014,4633
6/24/2014,4615
6/25/2014,4566
6/26/2014,4607
6/27/2014,4593
6/30/2014,4597
7/1/2014,4649
7/2/2014,4689
7/3/2014,4696
7/4/2014,4709
7/7/2014,4688
7/8/2014,4658
7/9/2014,4635
7/10/2014,4594
7/11/2014,4607
7/14/2014,4643
7/15/2014,4664
7/16/2014,4695
7/17/2014,4665
7/18/2014,4656
7/21/2014,4629
7/22/2014,4680
7/23/2014,4673
7/24/2014,4646
7/25/2014,4639
7/28/2014,4677
7/29/2014,4708
7/30/2014,4661
7/31/2014,4624
8/1/2014,4575
8/4/2014,4614
8/5/2014,4623
8/6/2014,4603
8/7/2014,4565
8/8/2014,4568
8/11/2014,4650
8/12/2014,4641
8/13/2014,4624
8/14/2014,4605
8/15/2014,4625
8/18/2014,4657
8/19/2014,4636
8/20/2014,4646
8/21/2014,4642
8/22/2014,4614
8/25/2014,4643
8/26/2014,4669
8/27/2014,4657
8/28/2014,4605
8/29/2014,4588
9/1/2014,4609
9/2/2014,4639
9/3/2014,4678
9/4/2014,4670
9/5/2014,4671
9/8/2014,4660
9/9/2014,4672
9/10/2014,4627
9/11/2014,4622
9/12/2014,4624
9/15/2014,4644
9/16/2014,4630
9/17/2014,4622
9/18/2014,4664
9/19/2014,4627
9/22/2014,4533
9/23/2014,4496
9/25/2014,4444
9/26/2014,4459
9/29/2014,4429
9/30/2014,4424
10/1/2014,4375
10/2/2014,4323.5
10/3/2014,4346
10/6/2014,4410
10/7/2014,4370
10/8/2014,4304
10/9/2014,4310
10/10/2014,4210
10/13/2014,4237
10/14/2014,4269
10/15/2014,4177
10/16/2014,4199
10/17/2014,4293
10/20/2014,4269
10/21/2014,4357
10/22/2014,4323
10/23/2014,4310
10/24/2014,4287
10/27/2014,4301
10/28/2014,4338
10/29/2014,4399
10/30/2014,4354
10/31/2014,4458
11/3/2014,4491
11/4/2014,4464
11/5/2014,4457
11/6/2014,4450
11/7/2014,4500
11/10/2014,4540
11/11/2014,4521
11/12/2014,4517
11/13/2014,4534
11/14/2014,4537
11/17/2014,4526
11/18/2014,4502
11/19/2014,4475
11/20/2014,4388
11/21/2014,4550
11/24/2014,4536
11/25/2014,4516
11/26/2014,4501
11/27/2014,4519
11/28/2014,4446
12/1/2014,4347
12/2/2014,4420
12/3/2014,4451
12/4/2014,4399
12/5/2014,4414
12/8/2014,4425
12/9/2014,4315
12/10/2014,4334
12/11/2014,4271
12/12/2014,4266
12/15/2014,4203
12/17/2014,4190
12/18/2014,4365
12/19/2014,4368
12/22/2014,4362
12/23/2014,4384
12/24/2014,4378
12/29/2014,4451
12/30/2014,4397
12/31/2014,4399
1/2/2015,4376
1/5/2015,4204
1/6/2015,4278
1/7/2015,4312
1/8/2015,4370
1/9/2015,4303
1/12/2015,4248
1/13/2015,4347
1/14/2015,4203
1/15/2015,4257
1/16/2015,4248
1/19/2015,4302
1/20/2015,4310
1/21/2015,4354
1/22/2015,4378
1/23/2015,4369
1/26/2015,4424
1/27/2015,4456
1/28/2015,4504
1/29/2015,4480
1/30/2015,4514
2/2/2015,4524
2/3/2015,4576
2/4/2015,4546
2/5/2015,4550
2/6/2015,4578
2/9/2015,4590
2/10/2015,4594
2/11/2015,4592
2/12/2015,4632
2/13/2015,4678
2/16/2015,4685
2/17/2015,4674
2/18/2015,4649
2/19/2015,4674
2/20/2015,4690
2/23/2015,4718
2/24/2015,4721
2/25/2015,4705
2/26/2015,4718
2/27/2015,4717
3/2/2015,4681
3/3/2015,4701
3/4/2015,4679
3/5/2015,4714
3/6/2015,4728
3/9/2015,4682
3/10/2015,4631
3/11/2015,4599
3/12/2015,4648
3/13/2015,4604
3/16/2015,4647
3/17/2015,4655
3/18/2015,4648
3/19/2015,4698
3/20/2015,4684
3/23/2015,4678
3/24/2015,4704
3/25/2015,4649
3/26/2015,4578
3/27/2015,4599
3/30/2015,4660
3/31/2015,4635
4/1/2015,4643
4/2/2015,4637
4/7/2015,4675
4/8/2015,4697
4/9/2015,4711
4/10/2015,4741
4/13/2015,4770
4/14/2015,4741
4/15/2015,4785
4/16/2015,4839
4/17/2015,4789
4/20/2015,4800
4/21/2015,4832
4/22/2015,4850
4/23/2015,4892
4/24/2015,4946
4/28/2015,4926
4/29/2015,4878
4/30/2015,4869
5/4/2015,4894
5/5/2015,4880
5/6/2015,4819
5/7/2015,4765
5/8/2015,4820
5/11/2015,4859
5/12/2015,4836
5/13/2015,4847
5/14/2015,4831
5/15/2015,4870
5/18/2015,4875
5/19/2015,4863
5/20/2015,4848
5/21/2015,4839
5/22/2015,4837
5/25/2015,4833
5/26/2015,4740
5/27/2015,4729
5/28/2015,4730
5/29/2015,4679
6/1/2015,4666
6/2/2015,4686
6/3/2015,4656
6/4/2015,4607
6/5/2015,4647
6/8/2015,4641
6/9/2015,4588
6/10/2015,4673
6/11/2015,4665
6/12/2015,4665
6/15/2015,4612
6/17/2015,4643
6/18/2015,4671
6/19/2015,4667
6/22/2015,4666
6/23/2015,4705
6/24/2015,4728
6/25/2015,4732
6/26/2015,4711
6/29/2015,4645
6/30/2015,4617
7/1/2015,4636
7/2/2015,4669
7/3/2015,4638
7/6/2015,4577
7/7/2015,4438
7/8/2015,4472
7/9/2015,4594
7/10/2015,4628
7/13/2015,4697
7/14/2015,4661
7/15/2015,4698
7/16/2015,4726
7/17/2015,4709
7/20/2015,4743
7/21/2015,4730
7/22/2015,4641
7/23/2015,4669
7/24/2015,4590
7/27/2015,4582
7/28/2015,4535
7/29/2015,4619
7/30/2015,4638
7/31/2015,4661
8/3/2015,4630
8/4/2015,4705
8/5/2015,4742
8/6/2015,4712
8/7/2015,4662
8/11/2015,4680
8/12/2015,4512
8/13/2015,4606
8/14/2015,4552
8/17/2015,4554
8/18/2015,4572
8/19/2015,4494
8/20/2015,4433
8/21/2015,4357
8/24/2015,4238
8/25/2015,4374
8/26/2015,4312
8/27/2015,4390
8/28/2015,4468
8/31/2015,4463
9/1/2015,4322
9/2/2015,4398
9/3/2015,4513
9/4/2015,4383
9/7/2015,4386
9/8/2015,4458
9/9/2015,4472
9/10/2015,4450
9/11/2015,4392
9/14/2015,4430
9/15/2015,4449
9/16/2015,4608
9/17/2015,4668
9/18/2015,4574
9/21/2015,4552
9/22/2015,4464
9/23/2015,4521
9/25/2015,4507
9/28/2015,4438
9/29/2015,4430
9/30/2015,4502
10/1/2015,4541
10/2/2015,4582
10/5/2015,4697
10/6/2015,4687
10/7/2015,4741
10/8/2015,4754
10/9/2015,4805
10/12/2015,4744
10/13/2015,4788
10/14/2015,4784
10/15/2015,4770
10/16/2015,4770
10/19/2015,4795
10/20/2015,4766
10/21/2015,4783
10/22/2015,4806
10/23/2015,4907
10/26/2015,4882
10/27/2015,4837
10/28/2015,4844
10/29/2015,4818
10/30/2015,4855
11/2/2015,4859
11/3/2015,4881
11/4/2015,4920
11/5/2015,4872
11/6/2015,4780
11/9/2015,4826
11/10/2015,4749
11/11/2015,4755
11/12/2015,4707
11/13/2015,4626
11/16/2015,4657
11/17/2015,4703
11/18/2015,4674
11/19/2015,4712
11/20/2015,4725
11/23/2015,4724
11/24/2015,4689
11/25/2015,4665
11/26/2015,4719
11/27/2015,4662
11/30/2015,4666
12/1/2015,4663
12/2/2015,4636
12/3/2015,4567
12/4/2015,4465
12/7/2015,4524
12/8/2015,4450
12/9/2015,4489
12/10/2015,4457
12/11/2015,4391
12/14/2015,4345
12/15/2015,4405
12/17/2015,4530
12/18/2015,4404
12/21/2015,4441
12/22/2015,4497
12/23/2015,4590
12/24/2015,4645
12/28/2015,4631
12/29/2015,4605
12/30/2015,4596
12/31/2015,4586
1/4/2016,4452
1/5/2016,4473
1/6/2016,4421
1/7/2016,4325
1/8/2016,4332
1/11/2016,4355
1/12/2016,4356
1/13/2016,4348
1/14/2016,4280
1/15/2016,4218
1/18/2016,4216
1/19/2016,4294
1/20/2016,4168
1/21/2016,4159
1/22/2016,4300
1/25/2016,4243
1/26/2016,4269
1/27/2016,4301
1/28/2016,4382
1/29/2016,4413
2/1/2016,4395
2/2/2016,4304
2/3/2016,4353
2/4/2016,4436
2/5/2016,4452
2/8/2016,4406
2/9/2016,4305
2/10/2016,4308
2/11/2016,4212
2/12/2016,4319
2/15/2016,4445
2/16/2016,4402
2/17/2016,4463
2/18/2016,4451
2/19/2016,4354
2/22/2016,4379
2/23/2016,4330
2/24/2016,4252
2/25/2016,4283
2/26/2016,4393
2/29/2016,4384
3/1/2016,4468
3/2/2016,4534
3/3/2016,4602
3/4/2016,4630
3/7/2016,4672
3/8/2016,4636
3/9/2016,4574
3/10/2016,4567
3/11/2016,4588
3/14/2016,4672
3/15/2016,4657
3/16/2016,4700
3/17/2016,4734
3/18/2016,4799
3/22/2016,4749
3/23/2016,4680
3/24/2016,4675
3/29/2016,4623
3/30/2016,4680
3/31/2016,4653
4/1/2016,4587
4/4/2016,4596
4/5/2016,4530
4/6/2016,4527
4/7/2016,4521
4/8/2016,4544
4/11/2016,4543
4/12/2016,4596
4/13/2016,4683
4/14/2016,4676
4/15/2016,4697
4/18/2016,4716
4/19/2016,4730
4/20/2016,4750
4/21/2016,4713
4/22/2016,4678
4/25/2016,4685
4/26/2016,4697
4/28/2016,4707
4/29/2016,4675
5/3/2016,4583
5/4/2016,4583
5/5/2016,4589
5/6/2016,4538
5/9/2016,4541
5/10/2016,4598
5/11/2016,4611
5/12/2016,4546
5/13/2016,4566
5/16/2016,4651
5/17/2016,4666
5/18/2016,4690
5/19/2016,4659
5/20/2016,4682
5/23/2016,4681
5/24/2016,4730
5/25/2016,4800
5/26/2016,4811
5/27/2016,4835
5/30/2016,4873
5/31/2016,4828
6/1/2016,4779
6/2/2016,4796
6/3/2016,4835
6/6/2016,4811
6/7/2016,4834
6/8/2016,4799
6/9/2016,4745
6/10/2016,4728
6/13/2016,4667
6/14/2016,4569
6/15/2016,4650
6/17/2016,4642
6/20/2016,4731
6/21/2016,4715
6/22/2016,4776
6/23/2016,4773
6/24/2016,4586
6/27/2016,4443
6/28/2016,4541
6/29/2016,4603
6/30/2016,4632
7/1/2016,4629
7/4/2016,4612
7/5/2016,4542
7/6/2016,4454
7/7/2016,4501
7/8/2016,4494
7/11/2016,4561
7/12/2016,4611
7/13/2016,4631
7/14/2016,4633
7/15/2016,4657
7/18/2016,4639
7/19/2016,4629
7/20/2016,4622
7/21/2016,4630
7/22/2016,4631
7/25/2016,4662
7/26/2016,4695
7/27/2016,4687
7/28/2016,4650
7/29/2016,4611
8/1/2016,4623
8/2/2016,4570
8/4/2016,4563
8/5/2016,4554
8/8/2016,4567
8/10/2016,4534
8/11/2016,4535
8/12/2016,4592
8/15/2016,4555
8/16/2016,4567
8/17/2016,4562
8/18/2016,4626
8/19/2016,4618
8/22/2016,4619
8/23/2016,4637
8/24/2016,4706
8/25/2016,4697
8/26/2016,4700
8/29/2016,4718
8/30/2016,4708
8/31/2016,4652
9/1/2016,4651
9/2/2016,4720
9/5/2016,4729
9/6/2016,4727
9/7/2016,4707
9/8/2016,4690
9/9/2016,4712
9/12/2016,4659
9/13/2016,4664
9/14/2016,4642
9/15/2016,4612
9/16/2016,4587
9/19/2016,4587
9/20/2016,4532
9/21/2016,4476
9/22/2016,4601
9/23/2016,4597
9/26/2016,4299
9/27/2016,4494
9/28/2016,4582
9/29/2016,4698
9/30/2016,4585
10/3/2016,4569
10/4/2016,4605
10/5/2016,4589
10/6/2016,4563
10/7/2016,4577
10/10/2016,4577
10/11/2016,4609
10/12/2016,4532
10/13/2016,4417
10/14/2016,4489
10/17/2016,4454
10/18/2016,4476
10/19/2016,4514
10/20/2016,4508
10/21/2016,4529
10/24/2016,4530
10/25/2016,4535
10/26/2016,4515
10/27/2016,4480
10/28/2016,4452
10/31/2016,4421
11/1/2016,4458
11/2/2016,4428
11/3/2016,4393
11/4/2016,4346
11/7/2016,4404
11/8/2016,4443
11/9/2016,4468
11/10/2016,4547
11/11/2016,4430
11/14/2016,4373
11/15/2016,4331
11/16/2016,4385
11/17/2016,4435
11/18/2016,4443
11/21/2016,4431
11/22/2016,4486
11/23/2016,4429
11/24/2016,4427
11/25/2016,4442
11/28/2016,4390
11/29/2016,4403
11/30/2016,4407
12/1/2016,4368
12/2/2016,4302
12/5/2016,4340
12/6/2016,4278
12/7/2016,4328
12/8/2016,4411
12/9/2016,4451
12/12/2016,4424
12/13/2016,4442
12/14/2016,4437
12/15/2016,4359
12/19/2016,4367
12/20/2016,4410
12/21/2016,4395
12/22/2016,4363
12/23/2016,4319
12/28/2016,4400
12/29/2016,4424
12/30/2016,4413
1/3/2017,4457
1/4/2017,4416
1/5/2017,4393
1/6/2017,4474
1/9/2017,4458
1/10/2017,4533
1/11/2017,4608
1/12/2017,4613
1/13/2017,4637
1/16/2017,4665
1/17/2017,4631
1/18/2017,4624
1/19/2017,4622
1/20/2017,4584
1/23/2017,4618
1/24/2017,4639
1/25/2017,4634
1/26/2017,4646
1/27/2017,4615
1/30/2017,4577
1/31/2017,4594
2/1/2017,4627
2/2/2017,4580
2/3/2017,4538
2/6/2017,4537
2/7/2017,4532
2/8/2017,4496
2/9/2017,4502
2/10/2017,4565
2/13/2017,4599
2/14/2017,4543
2/15/2017,4545
2/16/2017,4543
2/17/2017,4509
2/20/2017,4544
2/21/2017,4547
2/22/2017,4506
2/23/2017,4501
2/24/2017,4455
2/27/2017,4439
2/28/2017,4425
3/1/2017,4464
3/2/2017,4481
3/3/2017,4469
3/6/2017,4440
3/7/2017,4431
3/8/2017,4446
3/9/2017,4412
3/10/2017,4434
3/13/2017,4485
3/14/2017,4467
3/15/2017,4477
3/16/2017,4560
3/17/2017,4545
3/20/2017,4565
3/22/2017,4502
3/23/2017,4514
3/24/2017,4491
3/27/2017,4491
3/28/2017,4541
3/29/2017,4568
3/30/2017,4560
3/31/2017,4553
4/3/2017,4603
4/4/2017,4611
4/5/2017,4615
4/6/2017,4614
4/7/2017,4609
4/10/2017,4651
4/11/2017,4680
4/12/2017,4673
4/13/2017,4674
4/18/2017,4594
4/19/2017,4593
4/20/2017,4575
4/21/2017,4558
4/24/2017,4625
4/25/2017,4661
4/26/2017,4706
4/28/2017,4722
5/2/2017,4724
5/3/2017,4705
5/4/2017,4684
5/5/2017,4713
5/8/2017,4712
5/9/2017,4776
5/10/2017,4783
5/11/2017,4754
5/12/2017,4748
5/15/2017,4764
5/16/2017,4751
5/17/2017,4761
5/18/2017,4789
5/19/2017,4811
5/22/2017,4806
5/23/2017,4812
5/24/2017,4787
5/25/2017,4772
5/26/2017,4751
5/29/2017,4757
5/30/2017,4783
5/31/2017,4717
6/1/2017,4666
6/2/2017,4662
6/5/2017,4667
6/6/2017,4610
6/7/2017,4596
6/8/2017,4589
6/9/2017,4602
6/12/2017,4530
6/13/2017,4537
6/14/2017,4528
6/15/2017,4464
6/19/2017,4548
6/20/2017,4513
6/21/2017,4532
6/22/2017,4508
6/23/2017,4558
6/26/2017,4536
6/27/2017,4550
6/28/2017,4567
6/29/2017,4530
6/30/2017,4563
7/3/2017,4611
7/4/2017,4603
7/5/2017,4642
7/6/2017,4615
7/7/2017,4590
7/10/2017,4613
7/11/2017,4638
7/12/2017,4684
7/13/2017,4716
7/14/2017,4740
7/17/2017,4764
7/18/2017,4709
7/19/2017,4793
7/20/2017,4804
7/21/2017,4797
7/24/2017,4824
7/25/2017,4834
7/26/2017,4855
7/27/2017,4848
7/28/2017,4840
7/31/2017,4881
8/1/2017,5886
8/2/2017,4887
8/3/2017,4917
8/4/2017,4946
8/7/2017,4970
8/8/2017,4952
8/10/2017,4921
8/11/2017,4882
8/14/2017,4918
8/15/2017,4872
8/16/2017,4931
8/17/2017,4910
8/18/2017,4894
8/21/2017,4906
8/22/2017,4963
8/23/2017,4978
8/24/2017,5016
8/25/2017,5026
8/28/2017,5003
8/29/2017,4989
8/30/2017,4975
8/31/2017,5002
9/1/2017,5010
9/4/2017,4977
9/5/2017,4982
9/6/2017,4931
9/7/2017,4975
9/8/2017,4956
9/11/2017,4998
9/12/2017,5029
9/13/2017,5018
9/14/2017,4985
9/15/2017,4976
9/18/2017,5017
9/19/2017,5010
9/20/2017,5007
9/21/2017,5013
9/22/2017,5005
9/26/2017,5400
9/27/2017,4960
9/28/2017,4940
9/29/2017,4993
10/2/2017,5206
10/3/2017,5074
10/4/2017,5108
10/5/2017,5138
10/6/2017,5157
10/9/2017,5190
10/10/2017,5184
10/11/2017,5134
10/12/2017,5135
10/13/2017,5140
10/16/2017,5183
10/17/2017,5140
10/18/2017,5173
10/19/2017,5138
10/20/2017,5170
10/23/2017,5156
10/24/2017,5153
10/25/2017,5182
10/26/2017,5230
10/27/2017,5235
10/30/2017,5255
10/31/2017,5255
11/1/2017,5306
11/2/2017,5278
11/3/2017,5312
11/6/2017,5355
11/7/2017,5382
11/8/2017,5364
11/9/2017,5345
11/10/2017,5344
11/13/2017,5352
11/14/2017,5334
11/15/2017,5303
11/16/2017,5331
11/17/2017,5382
11/20/2017,5426
11/21/2017,5508
11/22/2017,5529
11/23/2017,5402
11/24/2017,5404
11/27/2017,5381
11/28/2017,5370
11/29/2017,5395
11/30/2017,5348
12/1/2017,5293
12/4/2017,5300
12/5/2017,5242
12/6/2017,5153
12/7/2017,5375
12/8/2017,5153
12/11/2017,5442
12/12/2017,5123
12/13/2017,5116
12/14/2017,5153
12/15/2017,5100
12/18/2017,5099
12/19/2017,5123
12/20/2017,5134
12/21/2017,5217
12/22/2017,5201
12/27/2017,5538
12/28/2017,5212
12/29/2017,5256
1/2/2018,5533
1/3/2018,5291
1/4/2018,5259
1/5/2018,5295
1/8/2018,5323
1/9/2018,5325
1/10/2018,5322
1/11/2018,5286
1/12/2018,5337
1/15/2018,5339
1/16/2018,5390
1/17/2018,5416
1/18/2018,5421
1/19/2018,5409
1/22/2018,5435
1/23/2018,5464
1/24/2018,5462
1/25/2018,5450
1/26/2018,5453
1/29/2018,5382
1/30/2018,5263
1/31/2018,5263
2/1/2018,5246
2/2/2018,5190
2/5/2018,5042
2/6/2018,4971
2/7/2018,5016
2/8/2018,4993
2/9/2018,4914
2/12/2018,4965
2/13/2018,5041
2/14/2018,5041
2/15/2018,5256
2/16/2018,5199
2/19/2018,5177
2/20/2018,5093
2/21/2018,5189
2/22/2018,5124
2/23/2018,5172
2/26/2018,5187
2/27/2018,5201
2/28/2018,5136
3/1/2018,5101
3/2/2018,5069
3/5/2018,5091
3/6/2018,5222
3/7/2018,5211
3/8/2018,5234
3/9/2018,5236
3/12/2018,5271
3/13/2018,5256
3/14/2018,5201
3/15/2018,5182
3/16/2018,5187
3/19/2018,5165
3/20/2018,5182
3/22/2018,5067
3/23/2018,5003
3/26/2018,4991
3/27/2018,4981
3/28/2018,4856
3/29/2018,4925
4/3/2018,4876
4/4/2018,4832
4/5/2018,4948
4/6/2018,4968
4/9/2018,4979
4/10/2018,5049
4/11/2018,5013
4/12/2018,5030
4/13/2018,5050
4/16/2018,5074
4/17/2018,5061
4/18/2018,5120
4/19/2018,5101
4/20/2018,5036
4/23/2018,5107
4/24/2018,5122
4/25/2018,5051
4/26/2018,5092
4/30/2018,5151
5/2/2018,5174
5/3/2018,5071
5/4/2018,5100
5/7/2018,5133
5/8/2018,5120
5/9/2018,5166
5/10/2018,5178
5/11/2018,5201
5/14/2018,5226
5/15/2018,5169
5/16/2018,5237
5/17/2018,5212
5/18/2018,5158
5/21/2018,5156
5/22/2018,5182
5/23/2018,5081
5/24/2018,5064
5/25/2018,5080
5/28/2018,5075
5/29/2018,5004
5/30/2018,4958
5/31/2018,5019
6/1/2018,5116
6/4/2018,5191
6/5/2018,5162
6/6/2018,5199
6/7/2018,5231
6/8/2018,5204
6/11/2018,5218
6/12/2018,5215
6/13/2018,5257
6/14/2018,5262
6/15/2018,5165
6/18/2018,5118
6/19/2018,5031
6/20/2018,5065
6/21/2018,5042
6/22/2018,5074
6/25/2018,5006
6/26/2018,4964
6/27/2018,4966
6/28/2018,4997
6/29/2018,5170
7/2/2018,5136
7/3/2018,5164
7/4/2018,5170
7/5/2018,5152
7/6/2018,5142
7/9/2018,5233
7/10/2018,5207
7/11/2018,5127
7/12/2018,5100
7/13/2018,5049
7/16/2018,4985
7/17/2018,5028
7/18/2018,5044
7/19/2018,5053
7/20/2018,5127
7/23/2018,5076
7/24/2018,5151
7/25/2018,5072
7/26/2018,5114
7/27/2018,5142
7/30/2018,5166
7/31/2018,5178
8/1/2018,5127
8/2/2018,5054
8/3/2018,5107
8/6/2018,5080
8/7/2018,5158
8/8/2018,5164
8/10/2018,5157
8/13/2018,5195
8/14/2018,5172
8/15/2018,5100
8/16/2018,5057
8/17/2018,5076
8/20/2018,5122
8/21/2018,5121
8/22/2018,5213
8/23/2018,5227
8/24/2018,5295
8/27/2018,5369
8/28/2018,5398
8/29/2018,5422
8/30/2018,5298
8/31/2018,5257
9/3/2018,5266
9/4/2018,5186
9/5/2018,5120
9/6/2018,5120
9/7/2018,5124
9/10/2018,5095
9/11/2018,5151
9/12/2018,5019
9/13/2018,5027
9/14/2018,5099
9/17/2018,5070
9/18/2018,5060
9/19/2018,5100
9/20/2018,5105
9/21/2018,5170
9/25/2018,5135
9/26/2018,5113
9/27/2018,5043
9/28/2018,5142
10/1/2018,5018
10/2/2018,5007
10/3/2018,4970
10/4/2018,4959
10/5/2018,4898
10/8/2018,4877
10/9/2018,4875
10/10/2018,4749
10/11/2018,4670
10/12/2018,4785
10/15/2018,4703
10/16/2018,4761
10/17/2018,4677
10/18/2018,4655
10/19/2018,4653
10/22/2018,4673
10/23/2018,4563
10/24/2018,4559
10/25/2018,4596
10/26/2018,4541
10/29/2018,4591
10/30/2018,4521
10/31/2018,4624
11/1/2018,4723
11/2/2018,4795
11/5/2018,4852
11/6/2018,4820
11/7/2018,4863
11/8/2018,4795
11/9/2018,4698
11/12/2018,4606
11/13/2018,4602
11/14/2018,4592
11/15/2018,4607
11/16/2018,4598
11/19/2018,4636
11/20/2018,4506
11/21/2018,4532
11/22/2018,4522
11/23/2018,4467
11/26/2018,4563
11/27/2018,4544
11/28/2018,4607
11/29/2018,4596
11/30/2018,4514
12/3/2018,4644
12/4/2018,4641
12/5/2018,4593
12/6/2018,4494
12/7/2018,4532
12/10/2018,4470
12/11/2018,4545
12/12/2018,4596
12/13/2018,4591
12/14/2018,4565
12/18/2018,4547
12/19/2018,4577
12/20/2018,4560
12/21/2018,4605
12/24/2018,4640
12/27/2018,4587
12/28/2018,4675
12/31/2018,4700
1/2/2019,4562
1/3/2019,4581
1/4/2019,4633
1/7/2019,4611
1/8/2019,4652
1/9/2019,4728
1/10/2019,4740
1/11/2019,4782
1/14/2019,4748
1/15/2019,4763
1/16/2019,4785
1/17/2019,4754
1/18/2019,4804
1/21/2019,4821
1/22/2019,4818
1/23/2019,4799
1/24/2019,4767
1/25/2019,4818
1/28/2019,4799
1/29/2019,4849
1/30/2019,4802
1/31/2019,4798
2/1/2019,4778
2/4/2019,4739
2/5/2019,4799
2/6/2019,4838
2/7/2019,4779
2/8/2019,4709
2/11/2019,4747
2/12/2019,4783
2/13/2019,4847
2/14/2019,4841
2/15/2019,4855
2/18/2019,4912
2/19/2019,4892
2/20/2019,4942
2/21/2019,4942
2/22/2019,4991
2/25/2019,4975
2/26/2019,4996
2/27/2019,5001
2/28/2019,4975
3/1/2019,5001
3/4/2019,4997
3/5/2019,4962
3/6/2019,5007
3/7/2019,4980
3/8/2019,4943
3/11/2019,4962
3/12/2019,4969
3/13/2019,4982
3/14/2019,4982
3/15/2019,5014
3/18/2019,5067
3/19/2019,5087
3/20/2019,5025
3/22/2019,4989
3/25/2019,4942
3/26/2019,4976
3/27/2019,5036
3/28/2019,5037
3/29/2019,5067
4/1/2019,5137
4/2/2019,5130
4/3/2019,5215
4/4/2019,5198
4/5/2019,5208
4/8/2019,5213
4/9/2019,5215
4/10/2019,5272
4/11/2019,5256
4/12/2019,5282
4/15/2019,5259
4/16/2019,5330
4/17/2019,5327
4/18/2019,5375
4/23/2019,5375
4/24/2019,5336
4/25/2019,5310
4/26/2019,5312
4/29/2019,5299
4/30/2019,5264
5/2/2019,5292
5/3/2019,5344
5/6/2019,5262
5/7/2019,5246
5/9/2019,5074
5/10/2019,5092
5/13/2019,5053
5/14/2019,5055
5/15/2019,5020
5/16/2019,5070
5/17/2019,5047
5/20/2019,4990
5/21/2019,4979
5/22/2019,4962
5/23/2019,4862
5/24/2019,4887
5/27/2019,4898
5/28/2019,4896
5/29/2019,4939
5/30/2019,5008
5/31/2019,4989
6/3/2019,5057
6/4/2019,5075
6/5/2019,5126
6/6/2019,5142
6/7/2019,5250
6/10/2019,5276
6/11/2019,5305
6/12/2019,5300
6/13/2019,5266
6/14/2019,5200
6/18/2019,5300
6/19/2019,5294
6/20/2019,5339
6/21/2019,5358
6/24/2019,5312
6/25/2019,5266
6/26/2019,5284
6/27/2019,5253
6/28/2019,5266
7/1/2019,5302
7/2/2019,5250
7/3/2019,5244
7/4/2019,5222
7/5/2019,5201
7/8/2019,5210
7/9/2019,5136
7/10/2019,5204
7/11/2019,5155
7/12/2019,5164
7/15/2019,5182
7/16/2019,5237
7/17/2019,5198
7/18/2019,5218
7/19/2019,5243
7/22/2019,5223
7/23/2019,5255
7/24/2019,5164
7/25/2019,5154
7/26/2019,5162
7/29/2019,5197
7/30/2019,5122
7/31/2019,5097
8/1/2019,5127
8/2/2019,5033
8/5/2019,4909
8/6/2019,4920
8/7/2019,4927
8/8/2019,4983
8/12/2019,4956
8/13/2019,4959
8/14/2019,4847
8/15/2019,4826
8/16/2019,4833
8/19/2019,4887
8/20/2019,4859
8/21/2019,4895
8/22/2019,4866
8/23/2019,4842
8/26/2019,4820
8/27/2019,4833
8/28/2019,4856
8/29/2019,4866
8/30/2019,4940
9/2/2019,4915
9/3/2019,4909
9/4/2019,4942
9/5/2019,5016
9/6/2019,5013
9/9/2019,4988
9/10/2019,4953
9/11/2019,5077
9/12/2019,5136
9/13/2019,5173
9/16/2019,5214
9/17/2019,5140
9/18/2019,5073
9/19/2019,5074
9/20/2019,5097
9/23/2019,5012
9/25/2019,4943
9/26/2019,4996
9/27/2019,4984
9/30/2019,4953
10/1/2019,4967
10/2/2019,4870
10/3/2019,4850
10/4/2019,4887
10/7/2019,4946
10/8/2019,4919
10/9/2019,4912
10/10/2019,4984
10/11/2019,5030
10/14/2019,4992
10/15/2019,5015
10/16/2019,5059
10/17/2019,5057
10/18/2019,5039
10/21/2019,5064
10/22/2019,5045
10/23/2019,5005
10/24/2019,5002
10/25/2019,4963
10/28/2019,5042
10/29/2019,5027
10/30/2019,4973
10/31/2019,5040
